customer_id,product_id
25734,60
25734,11490
25743,11262
25743,33886
25743,56714
25743,57414
25749,3382
25749,51974
25749,57414
56868,60
56868,57414
56868,57804
56871,60
56871,11490
56871,39186
56871,63188
59691,1370
59691,33534
59691,44302
59691,44662
59691,44664
59691,49888
59691,50716
59691,53046
59691,53048
59691,58504
59691,59776
59691,62074
59691,63360
59691,63538
59691,63540
59700,60
59700,11262
59700,57414
59700,63186
59703,60
59703,57414
59703,63510
60762,36720
60762,50274
60762,50962
60762,57804
60762,59396
60762,62276
60864,60
60864,63188
60870,60
60870,124
60870,11262
60882,57804
60888,30500
60888,50274
60888,51974
60888,61280
61215,60
61305,60
61305,11490
61344,56714
61347,60
61353,60
61482,50274
61482,57414
61482,57804
61629,60
61692,60
61692,11490
61692,16358
61692,63186
61824,60
61824,1304
61824,57414
61824,57804
61824,62944
61899,11262
61899,30500
61899,50716
61899,50720
61899,54096
61899,57414
61902,60
61908,60
61935,60
61977,60
62337,11262
62337,50274
62337,50962
62337,57804
62337,62276
62811,60
62817,57804
62817,59396
63582,60
63690,60
63867,60
63867,63188
63873,60
63876,60
64218,60
64272,60
64272,62944
64299,60
64353,60
64353,11490
64365,60
64365,50274
64734,60
64734,57414
64764,60
64845,60
64845,11490
64860,60
64860,11262
64860,11490
64893,60
64893,63188
64959,11262
64959,57804
65049,60
65052,60
65058,60
65058,11262
65067,60
65313,60
65313,10652
65313,11490
65328,60
65328,63188
65577,60
65577,50718
65577,50720
65598,50962
65598,61280
65598,62276
65631,60
65637,60
65640,60
65640,56714
66033,60
66033,11490
66033,63188
66054,60
66054,11490
66336,60
66378,60
66378,57414
66378,59396
66465,11262
66465,30500
66465,57804
66777,60
66777,35732
66777,63188
66843,11262
66843,57804
66879,60
66879,35732
66879,50718
66879,63188
66915,60
66918,60
66918,1304
66924,60
67056,60
67158,60
67314,60
67335,60
67335,63188
67371,60
67371,63510
67740,60
67764,60
67827,60
68496,60
68496,57414
68496,63510
68568,60
68568,63188
68676,60
68676,11262
69060,60
69060,56714
69060,57414
69249,60
70890,60
71271,124
71271,3382
71271,11262
71271,11490
71271,33534
71271,36720
71271,39186
71271,48298
71271,50274
71271,50720
71271,50724
71271,53160
71271,53394
71271,53406
71271,54290
71271,57414
71271,57804
71271,61348
71271,61558
71271,61560
71271,61672
71271,62274
71271,63218
71271,63220
71274,124
71274,11262
71274,30500
71274,33534
71274,35732
71274,39186
71274,50272
71274,50724
71274,51974
71274,53160
71274,53386
71274,53394
71274,53406
71274,54096
71274,54290
71274,56714
71274,57414
71274,57804
71274,61558
71274,61560
71274,61672
71274,62274
71274,63218
71274,63220
71301,60
71409,60
71766,60
71766,49888
72027,57804
72045,1304
72045,11262
72045,57414
72045,57804
72108,60
72108,63188
72117,11262
72117,54096
72117,56714
72117,57414
72117,57804
72312,60
72312,11490
72483,30500
72483,56696
72483,57804
72558,60
72558,62074
72561,60
72561,11262
72561,39186
72561,63188
72645,60
72645,11490
72900,56714
72900,57414
72918,60
72918,57414
72930,60
72930,11262
72930,30500
72930,33886
72930,57414
75723,60
75723,35732
77484,1304
77484,11262
77484,33534
77484,44302
77484,44662
77484,44664
77484,49888
77484,50716
77484,51974
77484,53046
77484,53048
77484,58504
77484,59776
77484,63538
77484,63540
80925,60
80925,11262
88821,60
88821,39186
88920,60
88920,124
89013,60
95988,57804
96138,50962
96138,62276
96444,60
96444,33886
123150,60
123150,11490
128334,60
128334,63188
128469,60
128469,62074
128469,63510
128502,39186
128502,49888
128502,50274
128502,50716
128502,53386
128502,54290
128502,57414
128502,57804
128502,59396
128502,59816
128502,62376
128502,62616
128526,33886
128526,51974
128538,39186
128538,50962
128538,62276
128538,63188
128604,60
128604,54096
128685,60
128700,50962
128700,62276
128763,60
128763,56714
128763,59396
128901,1304
128901,57414
128901,57804
129081,35732
129081,50274
129081,56714
129081,57804
129135,60
129135,49888
129135,63188
129153,60
129153,57414
129204,60
129204,63418
129264,60
129264,56696
139272,60
139272,56714
140277,60
148782,60
148782,63510
149634,60
149634,57414
153024,60
153048,60
153072,60
153072,63188
153084,60
153084,57414
153138,60
153141,60
153150,60
153150,56714
153204,60
153204,39186
153204,57414
153279,60
153288,60
153303,11262
153303,57414
153303,59396
153303,62274
153309,60
153312,60
153315,60
153315,11262
153315,57414
153315,63188
153348,60
153381,60
153381,11490
153402,60
153423,60
153438,60
153438,57414
153438,63188
153600,60
153642,60
153642,63188
153645,50962
153645,62276
153669,60
153669,63186
153669,63188
153672,60
153672,11490
153675,60
153675,63188
153720,60
153720,63188
153726,60
153744,60
153744,63188
153756,60
153756,11490
153756,32496
153756,54096
153756,56696
153756,56714
153756,57414
153756,57804
153756,61348
153756,62074
153756,63186
153756,63188
153765,60
153792,60
153792,61280
153792,62944
153792,63188
153813,50962
153813,62276
153813,63186
153813,63188
153867,60
153882,60
153885,60
153885,57414
153888,60
153888,39186
153912,60
153912,11490
153960,60
153960,57414
153999,60
153999,63510
154008,60
154008,11490
154008,56714
154011,60
154011,35732
154032,60
154035,60
154035,57414
154041,60
154041,11262
154068,60
154068,124
154068,57414
154077,60
154077,56714
154077,57414
154098,60
154113,60
154119,60
154146,60
154167,60
154167,11490
154167,53046
154167,62074
154167,63418
154275,56714
154275,63186
154374,60
154374,63188
154383,60
154404,60
154404,11262
154404,11490
154434,60
154434,11490
154434,39186
154434,57414
154434,63188
154473,60
154473,56714
154476,60
154476,57414
154485,60
154485,57414
154485,63188
154494,60
154494,57414
154506,60
154509,60
154518,60
154518,63188
154542,60
154542,57414
154542,62944
154551,60
154551,63188
154560,60
154578,60
154578,63188
154635,60
154635,11490
154665,59396
154698,50962
154698,51316
154698,56714
154698,57804
154698,62276
154707,60
154707,63188
154713,1370
154713,10652
154713,11262
154713,30500
154713,34092
154713,50724
154713,52918
154713,53160
154713,53394
154713,53406
154713,54096
154713,59396
154713,61558
154713,61560
154713,61672
154713,62274
154713,63136
154713,63218
154713,63220
154740,60
154740,56714
154743,60
154743,56714
154743,63186
154758,60
154758,32496
154758,35846
154758,50962
154758,62276
154758,62378
154758,62400
154758,62614
154758,62616
154770,60
154770,56714
154770,57414
154779,50962
154779,57414
154779,62276
154797,60
154797,63360
154803,60
154812,60
154821,60
154827,60
154869,60
154869,11490
154881,60
154881,11490
154881,57414
154881,63188
154887,60
154887,56714
154890,35846
154890,59396
154953,60
154953,11490
154953,59396
154956,60
154956,11490
154956,63188
154998,60
154998,11490
154998,32496
154998,35732
154998,50962
154998,62276
154998,62378
154998,62400
154998,62614
154998,62616
155016,60
155016,11490
155031,60
155031,11490
155031,63188
155034,60
155034,11490
155043,60
155043,63188
155043,63218
155052,60
155052,11490
155055,60
155055,11490
155055,56714
155055,57414
155085,60
155085,1304
155085,11490
155085,56714
155097,60
155097,50274
155097,56714
155100,60
155100,11490
155106,60
155106,11490
155271,60
155337,60
155388,60
155388,57414
155403,60
155481,60
155481,1304
155481,33886
155481,57804
155556,60
155556,124
156024,60
156057,10652
156057,11262
156057,30500
156057,39186
156057,50274
156057,50716
156057,57414
156057,57804
156063,60
156063,11490
156063,35846
156225,60
156225,11490
156225,63188
156339,60
156339,11490
156486,11262
156486,35846
156486,57804
156489,60
156489,11490
156489,59394
157080,60
157224,60
157224,57414
157224,59396
157224,63188
157236,60
157311,60
157398,60
157416,60
157416,11262
157416,57414
157500,11262
157500,35732
157500,57414
157500,57804
157680,60
157710,60
157710,11490
157767,11262
157767,30500
157767,35732
157767,56714
157767,57414
157767,57804
157854,50962
157854,56714
157854,57804
157854,62276
157938,60
157938,56714
157938,57414
158016,60
158274,60
158274,11262
158499,60
158499,11490
158499,57414
158499,63188
158610,60
158610,35732
158658,60
158658,39186
158685,57804
158742,60
158742,56714
158766,60
159027,60
159027,63186
159027,63510
159033,60
159033,56714
159330,60
159831,60
159831,57414
160029,30500
160029,57414
160029,57804
160770,60
161058,60
161058,11490
161208,60
161283,60
161283,63510
161403,60
161403,56714
161526,60
161526,35846
161667,60
161667,11490
161667,50716
161787,60
161787,57414
162603,60
162624,60
162792,60
162792,11490
162795,60
162810,124
162810,1304
162810,11262
162810,30500
162810,35732
162810,39186
162810,49888
162810,50274
162810,50724
162810,51974
162810,52918
162810,53160
162810,53394
162810,53406
162810,54096
162810,54290
162810,57804
162810,59394
162810,61280
162810,61558
162810,61560
162810,61672
162810,63136
162810,63218
162810,63220
162843,60
162957,60
162957,56714
162960,60
162984,60
162984,63188
163032,50272
163032,50274
163032,50962
163032,62276
163044,60
163101,60
163101,32496
163131,60
163131,50718
163251,60
163251,35732
163251,56714
163377,60
163482,57804
163482,62274
163554,50274
163554,50962
163554,59394
163554,59396
163554,62276
163578,60
164007,60
164064,57414
164337,60
164337,63510
164457,60
164457,11262
164457,56714
164457,57414
164541,11262
164541,62074
164631,60
164640,60
164640,11490
164640,62944
164661,63186
164871,60
164970,60
164970,63188
165045,60
165045,1304
165045,11490
165045,32496
165045,50716
165045,50962
165045,57414
165045,62276
165045,62378
165045,62400
165045,62614
165045,62616
165045,63188
165126,1304
165126,11490
165126,30500
165126,33534
165126,35732
165126,35846
165126,36720
165126,36722
165126,36762
165126,37644
165126,42132
165126,44302
165126,44644
165126,44660
165126,44662
165126,44664
165126,44914
165126,45912
165126,48574
165126,48694
165126,49888
165126,50270
165126,50716
165126,51974
165126,53048
165126,53406
165126,54290
165126,55632
165126,55798
165126,56714
165126,57414
165126,57522
165126,57804
165126,58504
165126,61348
165126,61364
165126,61540
165126,61552
165126,62074
165126,62170
165126,62274
165126,62276
165126,62376
165126,62378
165126,62614
165126,62616
165126,62860
165126,62944
165126,63218
165126,63220
165132,60
165183,60
165183,56714
165312,60
165684,60
165684,62944
165687,60
165717,60
165717,50274
165726,11262
165726,50962
165726,62276
165744,60
165744,30500
165744,56714
165744,57414
165750,60
165750,63188
165762,60
165786,60
165786,57414
165915,60
165927,60
166002,60
166005,60
166029,60
166029,39186
166128,11262
166128,39186
166128,62944
166356,33886
166356,35846
166362,60
166437,60
166437,11262
166437,32496
166437,56714
166599,60
166599,11262
166599,11490
166599,62074
166995,60
166995,49888
167082,1304
167082,50962
167082,62276
167136,60
167136,56714
167256,60
167256,62074
167256,63188
167316,60
167316,57414
167316,62944
167316,63188
167364,11262
167364,33534
167364,44302
167364,44662
167364,44664
167364,49888
167364,50716
167364,53046
167364,53048
167364,58504
167364,59776
167364,62074
167364,63360
167364,63538
167364,63540
167451,60
167571,60
167571,57414
167652,60
167676,60
171372,60
171372,11490
171372,39186
171372,61280
171684,60
171684,11490
171684,63188
171702,60
171702,39186
171702,63418
171939,60
171939,11490
172008,57804
172008,59396
172035,60
172056,60
172056,1304
172056,35846
172056,39186
172056,57804
172161,33886
172161,34092
172161,35846
172161,59396
172161,61280
172161,63188
172419,60
172419,56714
172419,57414
172503,60
172587,60
172587,35846
172590,60
172695,60
172704,60
172704,57804
172719,60
172719,11490
173613,60
173613,62274
173667,53046
173796,60
173796,11262
173796,57414
173940,60
174087,60
174195,60
174279,60
174468,11262
174468,56714
174513,60
174513,35732
175239,60
175239,63510
175266,60
175266,63188
175809,60
175815,60
175878,60
175899,60
175899,11490
176319,60
176319,55632
176319,57414
176403,1304
176403,10808
176403,35846
176403,57804
176472,60
176472,35732
176472,57414
176472,63188
176577,60
176577,56714
176595,60
176607,60
176643,60
176643,57414
177474,60
177474,56714
177672,60
177672,35732
177672,56714
177873,60
177873,56714
177903,60
177921,60
177921,124
177951,60
177951,11490
178068,60
178230,57804
178257,60
178458,50272
178458,57804
178761,60
178818,60
178818,11490
178818,32496
178818,57804
178818,61348
178830,10652
178830,30500
178830,50274
178938,60
178938,11490
178938,63188
179088,60
179088,1304
179088,11490
179088,61280
179436,60
179436,63188
179496,60
179496,11490
179700,60
179700,11490
179700,63188
179790,60
179838,60
179838,16358
179853,60
179853,11490
179853,32496
179853,39186
179853,50962
179853,61280
179853,62276
179853,62378
179853,62400
179853,62614
179853,62616
180195,60
180195,124
180471,60
180471,11490
180471,56714
180495,60
180495,62074
180672,60
180672,11490
180801,60
180801,11490
180801,32496
180801,50962
180801,62276
180801,62378
180801,62400
180801,62614
180801,62616
181101,34092
181101,35846
181101,57414
181110,10808
181110,50274
181110,50962
181110,56714
181110,62276
181149,60
181149,56714
181203,60
181371,60
181371,57414
181371,63188
181593,60
181593,39186
181593,56714
181662,60
181704,60
181704,35732
181746,60
181860,60
181860,56714
182292,60
182292,11490
182295,60
182295,124
182295,11490
182442,60
182442,63186
182442,63188
182556,60
182556,11490
182565,60
182565,50274
182565,63136
183105,124
183105,11262
183105,16358
183105,30500
183105,50272
183105,51974
183105,54290
183195,11262
183195,39186
183195,51974
183195,63188
183213,11262
183213,16358
183213,30500
183213,50720
183363,50962
183363,62276
183363,63188
183366,50962
183366,62276
183387,60
183387,63188
183387,63418
183390,50962
183390,54096
183390,62276
183390,63188
183450,60
183450,32496
183450,54096
183450,56714
183450,62944
183459,60
183468,60
183489,51974
183489,57414
183492,34092
183492,57414
183492,57804
183573,57414
183573,63510
183645,60
183645,50716
183666,60
183666,11262
183666,32496
183672,60
183672,11490
183672,39186
183675,60
183675,11262
183675,50718
183675,57414
183786,60
183786,11262
183789,60
183789,63188
183813,60
183813,50718
183813,57414
183912,60
183921,60
183921,11262
183921,62944
184104,60
184104,56696
184113,60
184485,60
184488,60
184509,60
184509,56714
184509,57414
184605,50962
184605,62276
184635,60
184635,54096
184635,62944
184635,63188
184635,63510
184674,60
184674,57414
184698,60
184698,11490
184698,57414
184710,60
184713,60
184863,57804
185067,60
185067,57414
185244,60
185817,60
185817,57804
186078,60
186078,35732
186078,57414
186174,34092
186174,36720
186174,50718
186174,63136
186174,63360
186177,11262
186177,54096
186177,56714
186177,57414
186177,57804
186177,61280
186216,60
186216,57414
186216,63188
186327,60
186327,10652
186378,60
186384,60
186384,11490
186384,62074
186384,63186
186438,60
186438,50718
186438,63510
186447,60
186447,50718
186447,54096
186447,57414
186447,62944
186657,60
186657,57414
186657,63360
186882,60
186882,63188
186933,124
186933,3382
186933,33534
186933,50274
186933,50724
186933,53160
186933,53394
186933,53406
186933,54096
186933,59396
186933,61558
186933,61560
186933,61672
186933,62274
186933,63136
186933,63218
186933,63220
186942,60
186942,35846
186951,60
186951,63510
186990,60
187101,34092
187101,57414
187101,61280
187221,60
187221,56714
187224,60
187263,60
187386,35732
187386,50962
187386,56714
187386,62276
187395,60
187650,60
187659,50274
187659,57804
187707,11262
187707,57414
187707,57804
187707,63136
187734,60
187734,62074
187743,60
187797,60
187797,1304
187797,35732
187797,54096
187797,57414
187797,57804
187797,62074
187806,1304
187806,11262
187806,11490
187806,54290
187806,54864
187806,56714
187806,57804
187806,63136
187839,60
187875,60
187875,11490
187962,60
187962,50718
187962,63218
187962,63510
187974,60
187974,62074
187974,63186
188100,60
188106,60
188106,54096
188196,60
188196,11490
188196,62074
188265,60
188265,11490
188265,57414
188331,11262
188331,30500
188331,53386
188331,54290
188331,56714
188331,57804
188331,61348
188331,63218
188343,60
188343,11490
188481,60
188481,57804
188604,60
188604,11490
188604,63188
188637,60
188637,63188
188685,60
188700,60
188700,30500
188700,63510
188730,60
188730,124
188730,63188
188787,30500
188787,57804
188844,60
188844,11490
188844,30500
188844,57414
188844,62944
188847,60
188847,56714
188853,60
188937,60
188937,62944
188961,60
189009,60
189009,11262
189012,60
189012,11490
189012,35732
189045,60
189045,63188
190113,60
190152,11262
190152,30500
190152,56714
190152,57414
190776,11262
190776,33886
190776,56714
190776,57804
190776,63360
191223,60
191223,11490
191223,57414
191226,60
191226,56714
191229,60
191232,60
191232,124
191232,16358
191232,30500
191232,35732
191238,60
191247,60
191247,56714
191247,57414
191250,60
191250,62944
191250,63188
191256,1370
191256,35732
191256,50962
191256,62276
191316,11262
191316,16358
191316,50962
191316,62276
191451,60
191553,60
191553,11490
191553,39186
191553,57414
191556,60
191892,56714
191892,57804
192144,60
192159,60
192300,60
192300,62378
192300,63510
192549,50274
192549,50962
192549,56714
192549,62276
192564,60
192564,1304
192564,11262
192564,56714
192564,57414
192564,57804
192618,60
192618,56714
192627,60
192714,60
192717,60
192717,59396
192717,61280
192735,60
192756,60
192756,11262
192768,60
192771,60
192771,11262
192771,57414
192771,62074
192771,62944
192942,60
192942,124
192942,56714
193323,60
193323,11490
193323,35732
193323,50718
193323,61540
193542,50716
193911,60
193911,11490
193911,63188
193965,32496
193965,54290
193965,57804
193965,62376
193965,62616
194082,56714
194082,57804
194208,60
194208,11262
194229,11262
194229,11490
194229,16358
194229,30500
194388,60
194409,60
194424,60
194424,11262
194424,57804
194601,60
194601,124
194601,1304
194601,11262
194601,16358
194601,35732
194601,39186
194601,50268
194601,50272
194601,50274
194601,50716
194601,50724
194601,51974
194601,52918
194601,53160
194601,53386
194601,53394
194601,53406
194601,54096
194601,54290
194601,55798
194601,56484
194601,56696
194601,57804
194601,58504
194601,59394
194601,59396
194601,59776
194601,59816
194601,59822
194601,60522
194601,61028
194601,61540
194601,61552
194601,61558
194601,61560
194601,61672
194601,62074
194601,62170
194601,62274
194601,62276
194601,62400
194601,62618
194601,62860
194601,63136
194601,63186
194601,63218
194601,63220
194718,57804
194790,60
194790,1304
194790,57414
194790,62074
194790,63188
194883,60
194883,10652
194883,30500
194904,60
194904,1304
194904,30500
194904,35732
194904,35846
194904,50274
194904,54096
194904,56714
194904,57804
195063,60
195063,56714
195249,60
195372,33534
195372,33886
195372,44302
195372,44662
195372,44664
195372,49888
195372,50716
195372,53046
195372,53048
195372,58504
195372,59776
195372,62074
195372,63510
195372,63538
195372,63540
195378,60
195447,60
195447,56714
195507,60
195507,57414
195507,59396
195507,63188
195582,60
195723,60
195723,1304
195723,30500
195723,50718
195723,56714
195723,57414
195723,57804
195771,60
195771,124
195894,60
196302,60
196302,57414
196311,60
196311,11262
196311,59396
196311,63186
196455,60
196722,60
196722,56696
196845,60
196845,1304
196845,16358
196845,54864
197034,60
197286,1304
197286,50716
197286,51974
197286,52918
197529,60
197529,1304
197529,50718
197529,57414
197673,30500
197673,56696
197673,56714
197673,57414
197673,57804
197673,63188
197676,60
197799,60
197802,11262
197802,33534
197802,44302
197802,44662
197802,44664
197802,49888
197802,50716
197802,53046
197802,53048
197802,57804
197802,58504
197802,59776
197802,62074
197802,62944
197802,63360
197802,63510
197802,63538
197802,63540
197835,60
198057,60
198210,57804
198210,61280
198279,60
198279,30500
198279,33534
198279,44302
198279,49888
198279,50716
198279,53046
198279,53048
198279,53160
198279,53256
198279,53258
198279,53406
198279,56714
198279,57414
198279,58504
198279,59776
198279,63360
198279,63418
198279,63538
198279,63540
198522,30500
198522,54096
198522,57804
198534,1304
198534,11262
198534,30500
198534,57414
198534,57804
198552,60
198552,11262
198573,1304
198573,11262
198573,39186
198573,57804
198792,60
198801,60
198801,54096
198801,63188
198855,60
198855,56714
198867,30500
198867,50718
198873,30500
198873,57804
198882,33886
198882,56714
198882,57414
198882,57804
198945,60
198945,11262
198981,35732
198981,57804
198990,60
199242,32496
199242,57804
199479,60
199854,60
199854,1304
199854,44302
199854,53046
199854,53048
199854,53160
199854,53256
199854,53258
199854,53406
199854,56714
199854,57414
199854,58504
199854,59776
199854,62074
199854,63360
199854,63418
199854,63510
199854,63538
199854,63540
199860,60
199860,57414
199860,59396
200259,11262
200259,57804
200364,60
200502,60
200502,50274
200508,60
200508,63188
200964,11262
200964,35732
200964,50716
200964,53386
200964,54096
200964,54290
200964,59816
200964,62376
200964,62616
200964,62944
200964,63510
201030,60
201030,124
201030,32496
201030,62274
201282,57804
201282,62074
201522,50274
201522,57804
201564,60
201564,57414
201741,60
201741,1370
201798,60
201798,56714
201798,57414
201837,60
201837,57414
201852,60
201852,124
201852,11262
201852,63188
202638,1370
202638,56714
202818,60
202818,11490
202818,32496
202818,50716
202818,50962
202818,62276
202818,62378
202818,62400
202818,62614
202818,62616
202959,33886
202959,56714
202959,57414
202959,57804
202959,63510
203052,60
203052,57414
203055,60
203058,60
203058,39186
203064,60
203064,11490
203073,60
203073,49888
203082,60
203082,124
203088,60
203094,60
203100,60
203106,33886
203106,59396
203112,60
203112,62074
203118,60
203118,11490
203127,60
203127,57414
203127,63510
203133,60
203133,57414
203133,62074
203133,63188
203142,60
203145,60
203145,63510
203151,60
203151,11490
203151,50274
203151,57804
203166,60
203166,11262
203166,11490
203178,60
203178,16358
203178,35846
203178,57414
203178,57804
203181,60
203181,11490
203184,60
203184,11490
203184,35846
203199,60
203199,11490
203214,60
203232,60
203241,60
203247,60
203256,60
203256,61540
203259,60
203259,35846
203259,59396
203268,60
203271,60
203274,60
203274,124
203277,60
203277,63186
203280,60
203295,60
203295,54864
203295,56714
203301,60
203301,56714
203310,60
203316,60
203316,56714
203316,63218
203322,60
203328,60
203328,56714
203388,60
203439,60
203439,16358
203445,60
203451,60
203454,60
203454,56714
203454,63186
203460,11262
203460,56714
203460,63188
203466,60
203466,11490
203502,60
203502,62378
203511,60
203511,11490
203517,60
203517,35846
203517,54096
203517,63186
203532,60
203532,56714
203574,60
203574,11262
203646,60
203646,59396
203661,60
203661,11262
203661,11490
203661,57414
203661,63418
203670,60
203673,35846
203673,54096
203673,57414
203700,60
203700,10652
203700,50716
203700,57414
203700,57804
203700,63510
203706,60
203709,60
203724,56714
203724,57804
203727,60
203727,63510
203733,60
203733,11490
203733,56714
203736,60
203775,60
203784,60
203784,11490
203784,35732
203784,63510
203790,1304
203790,57414
203790,57804
203796,50274
203796,57414
203796,57804
203811,60
203811,11490
203811,57414
203820,60
203820,11490
203829,60
203829,11490
203829,33886
203829,49888
203829,56714
203829,62074
203868,60
203868,11490
203868,57414
203871,60
203871,11490
203871,63188
203871,63418
203889,60
203889,11262
204054,60
204057,60
204057,11262
204093,60
204141,60
204144,60
204144,57414
204189,124
204189,3382
204189,10652
204189,11262
204189,30500
204189,32496
204189,33886
204189,36762
204189,39186
204189,50274
204189,50720
204189,50724
204189,51974
204189,53160
204189,53394
204189,53406
204189,54290
204189,57804
204189,59396
204189,61558
204189,61560
204189,61672
204189,62274
204189,63136
204189,63218
204189,63220
204222,60
204228,60
204228,63510
204243,60
204276,60
204375,60
204375,63188
204375,63510
204411,60
204411,63360
204480,60
204483,60
204519,60
204519,11490
204519,57414
204519,63188
204522,60
204522,11490
204522,39186
204654,60
204654,11490
204657,60
204657,63188
204717,60
204717,124
204717,54864
204759,60
204759,11262
204759,11490
204762,60
204762,62074
204768,60
204771,60
204771,11490
204771,33886
204771,63510
204774,60
204774,11262
204774,11490
204780,60
204780,1304
204780,11490
204780,35732
204780,50718
204795,1304
204795,30500
204795,56714
204795,57804
204795,59396
204924,50962
204924,56714
204924,62276
205107,60
205122,60
205188,60
205191,11262
205191,57414
205191,57804
205191,63188
205332,33534
205332,44302
205332,44662
205332,44664
205332,49888
205332,53046
205332,53048
205332,58504
205332,59776
205332,62074
205332,63360
205332,63510
205332,63538
205332,63540
205353,60
205659,60
205659,11490
205659,33886
205662,60
205662,11262
205662,57414
205662,62944
205665,60
205665,57414
205722,60
205728,60
205731,60
205731,62074
205740,60
205740,11262
205740,57414
205740,63188
205812,60
205812,57414
205815,60
205821,57804
205905,60
205905,11490
205905,56696
205905,57414
205905,62944
205905,63510
205947,60
205959,60
205959,124
205959,35732
205959,63188
205995,35846
206076,60
206304,60
206304,57414
206304,63510
206343,60
206343,57804
206346,33886
206346,51974
206346,54290
206346,61348
206349,60
206349,11490
206349,56714
206355,60
206358,60
206358,62944
206361,33886
206361,56714
206361,57414
206361,57804
206364,50962
206364,57414
206364,59396
206364,62276
206367,60
206376,1304
206376,30500
206376,33886
206376,54864
206376,57414
206376,57804
206406,60
206406,61540
206406,63218
206412,60
206412,56714
206415,60
206415,63188
206418,11262
206418,30500
206418,33534
206418,33886
206418,44302
206418,44662
206418,44664
206418,49888
206418,50716
206418,53046
206418,53048
206418,58504
206418,59776
206418,63360
206418,63538
206418,63540
206421,60
206427,11262
206433,60
206433,1304
206433,11490
206439,11262
206442,60
206442,11490
206442,56714
206448,60
206448,11490
206451,60
206451,11490
206451,62074
206451,63188
206457,60
206457,11490
206460,60
206460,11262
206460,11490
206460,35732
206475,50962
206475,62276
206475,63188
206478,60
206478,62944
206481,1304
206481,30500
206481,33886
206481,50716
206481,51974
206484,60
206496,60
206496,11262
206496,56714
206514,60
206514,62944
206607,60
206607,50962
206607,63188
206613,57804
206616,60
206625,60
206634,60
206637,60
206637,62860
206646,60
206646,56696
206664,60
206664,57414
206664,62074
206664,63418
206667,60
206667,57414
206667,63510
206670,60
206673,60
206673,11262
206673,62944
206697,1304
206697,39186
206697,50274
206697,50962
206697,59396
206697,62276
206745,60
206745,57414
206748,35732
206748,50720
206748,57414
206760,57804
206763,60
206763,11262
206772,60
206784,60
206784,56696
206787,60
206787,11262
206799,60
206799,63186
206811,60
206811,56696
206811,62074
206811,63188
206823,60
206838,60
206847,60
206850,60
206856,60
206868,1304
206868,11262
206868,48298
206928,60
206928,56714
206928,62860
206937,50962
206937,62276
206940,11262
206940,30500
206940,57414
206943,1304
206943,32496
206943,33534
206943,44302
206943,44662
206943,44664
206943,49888
206943,50716
206943,53046
206943,53048
206943,57414
206943,58504
206943,59776
206943,62074
206943,63188
206943,63360
206943,63510
206943,63538
206943,63540
206952,39186
206952,50274
206952,50724
206952,51974
206952,52918
206952,53160
206952,53386
206952,53394
206952,53406
206952,54290
206952,57804
206952,59394
206952,59396
206952,61348
206952,61558
206952,61560
206952,61672
206952,62274
206952,63136
206952,63218
206955,60
206958,60
206958,11262
206958,56714
206964,60
206964,56714
206979,35732
206979,56714
206979,63136
206988,60
206988,56714
206991,60
206991,63188
207078,60
207084,60
207087,39186
207087,50274
207087,50962
207087,56714
207087,61280
207087,62276
207096,60
207096,56714
207099,60
207102,60
207102,11262
207102,59396
207105,50962
207105,57414
207105,62276
207114,60
207123,60
207123,11490
207129,60
207144,60
207144,56714
207144,57414
207147,60
207147,56714
207150,60
207156,60
207156,56714
207216,60
207216,54096
207219,60
207222,30500
207222,35732
207222,57414
207240,60
207240,62074
207243,60
207243,56714
207243,57414
207264,10808
207264,39186
207264,50962
207264,62276
207267,60
207267,57414
207330,60
207330,56696
207330,56714
207345,60
207345,11490
207366,60
207366,56714
207387,60
207387,35732
207387,63188
207390,60
207396,60
207396,11490
207465,60
207465,50274
207465,56714
207465,59396
207498,60
207582,60
207588,60
207588,1304
207588,11490
207597,60
207597,11490
207600,60
207600,11490
207600,62074
207600,63188
207618,60
207618,11490
207618,59396
207822,60
207828,60
207828,124
207927,60
207993,60
207996,60
207996,63510
207999,60
207999,11490
208053,60
208053,11262
208068,60
208068,56714
208080,60
208080,63188
208092,60
208092,11490
208092,32496
208092,50962
208092,59394
208092,61348
208092,62276
208092,62378
208092,62400
208092,62614
208092,62616
208116,60
208116,62074
208206,60
208209,60
208209,11262
208341,11262
208341,33886
208341,55632
208341,57414
208341,57804
208347,11262
208347,56714
208350,60
208449,60
208449,11490
208449,63188
208473,60
208473,11490
208473,63188
208476,60
208476,39186
208476,63510
208479,60
208479,11262
208482,60
208482,11262
208485,60
208485,57414
208488,11262
208488,56714
208488,59396
208491,60
208491,56714
208491,57414
208491,63188
208500,60
208500,11262
208500,35846
208500,56714
208503,60
208506,60
208506,57414
208509,60
208509,11490
208515,11262
208515,57804
208518,11262
208518,33534
208518,33886
208518,44302
208518,44662
208518,44664
208518,49888
208518,50718
208518,53046
208518,53048
208518,58504
208518,59776
208518,62074
208518,63360
208518,63540
208521,60
208521,63136
208524,60
208524,50274
208524,57414
208533,60
208533,56714
208533,57414
208533,63188
208536,60
208536,50718
208539,60
208539,56714
208545,60
208545,56714
208554,60
208554,11262
208554,56714
208560,60
208566,60
208566,10652
208572,60
208572,50274
208572,54096
208575,11262
208575,57804
208584,60
208590,60
208590,57414
208599,57414
208617,60
208617,11490
208626,60
208692,60
208692,56714
208722,60
208722,57414
208722,59396
208722,63510
208740,60
208740,11262
208740,57414
208758,1304
208758,11262
208758,56714
208761,60
208788,1304
208788,33886
208788,57414
208788,57804
208794,11262
208797,57804
208806,60
208806,63188
208812,30500
208821,60
208872,11262
208872,35846
208881,63510
208893,60
208893,50274
208899,60
208899,35732
208911,60
208911,11490
209073,60
209073,11490
209073,35732
209073,39186
209094,60
209094,63188
209154,60
209154,62074
209184,60
209184,11490
209520,60
209520,11490
209622,11262
209622,35732
209622,39186
209622,50274
209622,56714
209622,57414
209622,57804
209625,60
209625,10808
209625,11490
209625,32496
209625,50962
209625,62276
209625,62378
209625,62400
209625,62614
209625,62616
209637,57804
209697,60
209793,50962
209793,56696
209793,56714
209793,62276
209793,63188
209796,60
209796,57414
209796,63188
209799,60
209799,36720
209799,57804
209799,59396
209799,63510
209829,60
209880,60
209970,60
209970,124
209970,11490
209970,56714
209976,60
209976,56696
209976,63510
209994,60
209994,11490
209994,57414
210000,60
210000,11490
210045,60
210045,11490
210051,60
210051,11490
210051,35732
210051,57804
210111,60
210114,60
210114,59396
210120,60
210129,60
210129,63188
210141,60
210141,63188
210168,60
210168,10808
210168,30500
210168,35732
210168,57414
210168,63188
210171,60
210171,59394
210171,59396
210186,30500
210186,56714
210186,57414
210186,57804
210186,59396
210234,11262
210234,30500
210234,35732
210234,57804
210342,60
210342,62074
210393,11262
210393,30500
210393,33886
210393,62074
210408,60
210441,60
210441,63188
210585,60
210615,124
210615,10652
210615,11262
210615,16358
210615,30500
210615,35732
210615,39186
210615,50724
210615,51974
210615,52918
210615,53160
210615,53394
210615,53406
210615,54096
210615,57804
210615,61280
210615,61558
210615,61560
210615,61672
210615,62274
210615,63136
210615,63188
210615,63218
210615,63220
210627,60
210633,11262
210633,57804
210678,60
210678,57414
210690,60
210690,11262
210795,60
210810,60
210813,60
210813,39186
210816,60
210825,60
210825,11490
210834,60
210840,60
210840,62074
210843,60
210843,11262
210843,62274
210846,60
210846,11262
210876,60
210876,33886
210876,62074
210882,60
210897,60
210897,57414
210933,50962
210933,62276
210954,60
210954,63188
210978,60
210978,57804
210978,63510
210981,60
210981,124
210981,56714
210981,59396
210981,63510
211047,60
211125,30500
211125,50274
211125,59396
211125,61280
211125,63510
211140,36720
211140,50274
211140,50962
211140,57804
211140,62276
211236,60
211236,11262
211236,11490
211344,54290
211344,57804
211344,59394
211344,59816
211344,62376
211344,62616
211383,60
211383,57414
211386,60
211386,56714
211386,57414
211407,62074
211413,60
211413,57414
211473,60
211473,39186
211473,57414
211473,63188
211476,57414
211476,57804
211524,60
211524,1304
211524,11262
211524,30500
211524,56714
211524,57414
211524,59396
211524,62074
211527,1304
211527,30500
211527,33886
211527,36720
211527,36762
211527,54864
211527,57804
211533,11262
211533,33534
211533,51974
211533,57414
211533,57804
211533,61540
211542,60
211548,60
211632,60
211632,1370
211638,60
211638,62074
211641,60
211641,56714
211683,60
211683,39186
211740,60
211749,60
211749,56714
211749,57804
211749,59396
211749,63186
211761,60
211761,11490
211761,63188
211767,60
211806,60
211806,56714
211812,60
211812,56714
211815,60
211947,60
211947,11490
211947,39186
211950,11262
211950,49888
211950,50718
211950,56714
211950,57414
211965,57804
211989,60
212112,60
212112,124
212112,54096
212112,63186
212112,63510
212181,60
212181,35732
212181,56696
212181,61280
212211,60
212211,1304
212211,57414
212211,57804
212220,16358
212220,32496
212220,36720
212220,51974
212220,56714
212220,57414
212220,61348
212232,56714
212232,57804
212232,59396
212235,60
212235,57804
212256,60
212283,60
212301,60
212301,11262
212301,39186
212301,57804
212337,60
212337,56714
212337,62074
212379,60
212379,57804
212397,60
212430,60
212430,57414
212433,60
212442,10652
212442,11262
212442,30500
212442,50718
212442,57414
212442,57804
212442,62074
212445,1304
212445,35732
212445,50962
212445,56714
212445,57804
212445,62276
212448,1304
212448,11262
212448,30500
212448,35732
212448,57804
212469,16358
212469,50274
212469,56714
212469,57804
212469,62074
212475,60
212478,60
212478,11490
212478,50716
212478,63510
212505,60
212526,60
212526,57414
212526,63188
212550,60
212550,39186
212550,62944
212571,60
212574,60
212586,60
212586,56714
212586,63186
212592,60
212592,11490
212595,60
212595,11490
212595,57414
212595,63188
212637,60
212637,63510
212640,60
212688,60
212688,51974
212688,54290
212688,57804
212721,1372
212721,50274
212721,57804
212745,60
212748,11262
212748,30500
212748,57414
212748,57804
212775,60
212775,56714
212775,57414
212892,60
212892,11490
212892,33886
212892,56714
212892,63188
213102,11262
213102,57414
213102,57804
213114,60
213114,56714
213114,63186
213513,60
213513,63188
213885,39186
213885,53386
213885,54096
213885,57804
213885,59394
213885,62376
213885,62616
213885,63510
213978,50274
213978,57804
213987,56714
213987,57804
214194,60
214194,62074
214506,60
214506,11490
214506,57414
214968,60
214968,11490
214998,60
214998,50274
214998,56714
214998,57804
215112,60
215112,11262
215112,50716
215112,52918
215112,57804
215112,59394
215112,59396
215112,63510
215247,33886
215247,57804
215298,56714
215298,57414
215298,57804
215457,1304
215457,50962
215457,57414
215457,62276
215517,50962
215517,62276
215985,11262
215985,30500
215985,33534
215985,33886
215985,44302
215985,44662
215985,44664
215985,49888
215985,50716
215985,53046
215985,53048
215985,58504
215985,59776
215985,62074
215985,63360
215985,63538
216033,60
216033,11490
216033,51974
216033,63136
216108,60
216123,60
216309,57804
216309,59396
216366,11262
216366,33534
216366,44302
216366,44662
216366,44664
216366,49888
216366,50716
216366,53046
216366,53048
216366,58504
216366,59776
216366,62074
216366,63360
216366,63510
216366,63538
216366,63540
216495,57804
216498,60
216498,11490
216564,50274
216564,50962
216564,57804
216564,62276
216648,60
216648,11262
216822,60
216822,11490
216822,57804
216948,60
216981,60
217002,60
217293,60
217380,60
217494,60
217494,63418
217536,50962
217536,62276
217620,60
217620,11490
217752,11262
217752,57804
217782,1304
217782,11262
217782,48298
217782,54290
217782,54864
217782,57414
217782,57804
217782,63136
217848,60
217848,1304
217848,11262
217848,30500
217848,34092
217848,51974
217848,56714
217848,57414
217848,57804
217872,60
218061,60
218061,11490
218061,39186
218121,33886
218121,54096
218121,57804
218121,62074
218265,60
218673,60
218958,60
218958,59394
218958,59396
218958,61280
218958,62274
219021,60
219021,50718
219030,60
219030,63188
219048,60
219048,11490
219048,63188
219132,60
219231,60
219231,11262
219231,33534
219231,33886
219231,35846
219231,36720
219231,36722
219231,36762
219231,42132
219231,44302
219231,44644
219231,44660
219231,44662
219231,44664
219231,44914
219231,48574
219231,48694
219231,50716
219231,50720
219231,50968
219231,50970
219231,53048
219231,53406
219231,54290
219231,55632
219231,55638
219231,55798
219231,56714
219231,57414
219231,57522
219231,57804
219231,58504
219231,61280
219231,61348
219231,61364
219231,61540
219231,61542
219231,61552
219231,62074
219231,62170
219231,62274
219231,62276
219231,62376
219231,62614
219231,62616
219231,62944
219231,63218
219231,63220
219231,63510
219381,60
219420,60
219450,60
219450,57414
219456,60
219522,60
219522,56714
220011,60
220011,11262
220011,62944
220011,63188
220011,63510
220047,54290
220047,62376
220047,62616
220095,60
220095,11490
220170,60
220179,33534
220179,50962
220179,56714
220179,62276
220218,60
220218,56714
220218,59396
220269,1304
220269,33886
220269,36720
220269,48298
220269,50274
220269,51974
220269,54290
220269,57414
220269,57804
220302,60
220302,11262
220302,57414
220302,63510
220632,60
220713,60
220713,56714
220713,57414
220713,62378
220713,63188
220728,60
220728,1304
220728,57804
220728,63510
221115,60
221115,57414
221115,63188
221151,60
221151,35732
221196,60
221196,11490
221196,56714
221247,50962
221247,62276
221331,60
221331,1304
221331,10652
221331,11262
221331,53386
221331,54096
221331,57414
221331,57804
221409,60
221409,11490
221409,56714
221409,63188
221526,60
221610,50962
221610,62276
221751,60
221751,11262
221751,57414
222159,60
222159,11262
222159,11490
222159,49888
222159,50718
222204,60
222204,11490
222204,50718
222225,60
222306,60
222306,124
222306,63510
222438,60
222438,11490
222438,56714
222438,61280
222438,63418
222438,63510
222516,60
222516,1304
222516,11490
222540,60
222540,57414
222540,63188
222621,60
222669,56714
222669,57804
222669,59396
222711,60
222750,60
222759,60
222843,60
222843,62074
222852,60
222852,33534
222852,44302
222852,49888
222852,50716
222852,53046
222852,53048
222852,53160
222852,53256
222852,53258
222852,53406
222852,58504
222852,59776
222852,63360
222852,63418
222852,63510
222852,63538
222852,63540
222894,60
222894,56714
222894,57414
222894,63510
222906,11262
222906,36720
222906,57804
223071,60
223071,32496
223071,50718
223089,10808
223089,50274
223089,50962
223089,57804
223089,62276
223104,1304
223104,11262
223104,33534
223104,44302
223104,44662
223104,44664
223104,49888
223104,50716
223104,53046
223104,53048
223104,57414
223104,58504
223104,59776
223104,62074
223104,63188
223104,63538
223104,63540
223389,60
223389,56714
223389,62274
223401,57804
223401,63510
223518,60
223518,62074
223530,57804
223554,60
223554,57414
223728,60
223776,60
223776,11262
223776,63188
223782,60
223782,63510
223968,11262
223968,50718
223968,56714
223968,57414
223968,57804
223968,62944
224145,60
224145,57414
224169,49888
224169,57414
224208,50962
224208,62276
224211,11262
224211,57804
224280,60
224526,60
224631,60
224787,57804
224841,60
224841,57414
224874,50720
224874,50962
224874,56714
224874,57804
224874,62276
224925,60
224931,60
224931,63188
225012,60
225012,56714
225276,60
225276,11490
225351,60
225351,63510
225390,50962
225390,62276
225393,11262
225393,36762
225393,57804
225396,60
225480,60
225480,11490
225501,11262
225501,57414
225501,57804
225654,60
225669,60
225672,60
225672,57804
225672,63188
225699,60
225699,1304
225699,11490
225747,60
225972,60
225987,11490
225987,32496
225987,57804
225987,58504
225987,61348
226140,60
226140,33886
226140,39186
226140,57804
226140,59394
226140,59396
226140,62944
226623,60
226623,56714
226662,56714
226827,60
226827,57804
226848,60
227115,60
227223,60
227238,60
227238,11490
227238,57414
227292,1304
227292,10652
227292,11262
227292,30500
227292,35732
227292,57804
227292,62074
227295,60
227295,11262
227295,63188
227310,1370
227310,30500
227310,57414
227310,57804
227310,59396
227343,60
227343,1304
227343,10652
227343,11490
227343,32496
227343,50962
227343,62276
227343,62378
227343,62400
227343,62614
227343,62616
227343,63188
227469,60
227469,39186
227469,57414
227469,59394
227616,60
227616,63186
227664,60
227664,11490
227664,32496
227664,50716
227664,50962
227664,56714
227664,57414
227664,62276
227664,62378
227664,62400
227664,62614
227664,62616
227670,60
227829,60
227973,60
227973,56714
227988,60
228024,60
228024,1304
228024,11262
228024,33534
228024,44302
228024,49888
228024,50716
228024,53046
228024,53048
228024,53160
228024,53256
228024,53258
228024,53406
228024,58504
228024,59776
228024,63360
228024,63418
228024,63510
228024,63538
228024,63540
228060,60
228060,11490
228060,57414
228060,62074
228315,60
228438,60
228564,60
228564,63510
228687,50962
228687,56714
228687,62276
228729,60
228729,63188
228741,60
228741,53046
228753,60
228948,1304
228948,57804
229263,60
229263,61280
229341,60
229341,57414
229473,60
229473,11262
229473,63188
229521,60
229521,51974
229527,30500
229527,57804
229536,39186
229536,53046
229536,57804
229539,60
229539,50274
229539,57804
229539,59396
229620,35732
229620,50962
229620,57414
229620,62276
229737,60
229812,60
229977,60
230010,60
230028,11262
230028,30500
230028,57804
230073,11262
230073,30500
230073,57804
230073,63188
230073,63510
230091,1304
230091,11262
230091,30500
230091,35732
230091,39186
230091,54096
230091,57804
230178,60
230178,11490
230178,63188
230286,60
230286,63188
230331,60
230331,124
230331,56714
230604,60
231057,11262
231057,30500
231057,33886
231057,57414
231057,59396
231057,62944
231096,60
231102,60
231102,11262
231102,56714
231144,60
231144,56714
231162,57414
231162,57804
231225,60
231282,30500
231282,56714
231282,57804
231414,60
231414,62074
231459,60
231663,1206
231663,1304
231663,35846
231663,53046
231663,53048
231663,53256
231663,53258
231663,53406
231663,56714
231663,57414
231663,58504
231663,62860
231663,62944
231663,63136
231663,63540
231708,60
231876,50962
231876,62276
231900,60
231900,56696
231900,63188
231909,60
231909,11490
232029,60
232035,1304
232035,57804
232065,11262
232065,53386
232065,54290
232065,54864
232065,57414
232065,63218
232068,60
232068,11262
232068,56714
232068,57414
232068,57804
232266,50962
232266,62276
232269,60
232269,11262
232269,33886
232269,35732
232269,50716
232269,56714
232269,57414
232269,57804
232404,60
232404,1304
232404,11490
232410,30500
232410,50718
232410,57804
232452,60
232452,11490
232452,35846
232452,63418
232455,30500
232503,57804
232614,60
232614,11262
232656,60
232665,60
232788,60
232827,60
232827,35732
232827,57414
232827,57804
233040,60
233040,63188
233091,60
233091,63510
233163,33534
233163,33886
233163,44302
233163,44662
233163,44664
233163,49888
233163,50716
233163,53046
233163,53048
233163,58504
233163,59776
233163,61280
233163,62074
233163,63360
233163,63510
233163,63538
233163,63540
233427,60
233427,57414
233559,60
233559,56714
233814,50962
233814,62276
233961,60
233970,60
233970,11262
234018,60
234021,1206
234021,35846
234021,53046
234021,53048
234021,53256
234021,53258
234021,53406
234021,56714
234021,58504
234021,62944
234021,63136
234021,63540
234030,57804
234093,11262
234093,30500
234093,63188
234120,60
234120,11262
234120,11490
234120,32496
234120,56714
234120,57804
234120,61348
234129,10652
234129,39186
234129,50962
234129,56714
234129,62276
234156,60
234156,1304
234156,11490
234297,60
234297,1304
234297,30500
234297,54096
234297,57804
234555,60
234555,11490
234555,32496
234555,57804
234555,61348
234864,60
234864,11262
234864,56714
234951,10808
234951,50274
234951,50962
234951,56714
234951,57414
234951,62276
234972,60
234972,63188
235191,60
235191,11262
235299,60
235299,56696
235299,63188
235335,11262
235335,30500
235335,33534
235335,44662
235335,44664
235335,49888
235335,53046
235335,53048
235335,58504
235335,59776
235335,62074
235335,63360
235335,63538
235335,63540
235380,60
235380,57414
235458,60
235458,50274
235458,63188
235458,63510
235842,60
235932,60
235932,11262
235932,11490
235932,56714
236115,60
236115,11262
236115,11490
236115,57414
236115,63186
236226,30500
236226,50274
236226,56714
236226,57804
236490,60
236520,11490
236520,32496
236520,50274
236520,50962
236520,57804
236520,62276
236520,62378
236520,62400
236520,62614
236520,62616
236655,60
236766,1304
236766,11490
236766,30500
236766,33534
236766,35732
236766,35846
236766,36720
236766,36722
236766,36762
236766,37644
236766,42132
236766,44302
236766,44644
236766,44660
236766,44662
236766,44664
236766,44914
236766,45912
236766,48574
236766,48694
236766,49888
236766,50270
236766,51974
236766,53048
236766,53406
236766,54290
236766,55632
236766,55798
236766,56714
236766,57414
236766,57522
236766,57804
236766,58504
236766,61348
236766,61364
236766,61540
236766,61552
236766,62074
236766,62170
236766,62274
236766,62276
236766,62376
236766,62378
236766,62614
236766,62616
236766,62860
236766,62944
236766,63188
236766,63218
236766,63220
236775,60
236775,63510
236823,60
236973,33534
236973,44302
236973,44662
236973,44664
236973,49888
236973,50716
236973,53046
236973,53048
236973,58504
236973,59776
236973,62074
236973,63360
236973,63510
236973,63538
236973,63540
237057,11262
237057,57414
237057,57804
237195,60
237252,60
237300,60
237300,124
237300,63510
237675,60
237675,11490
237765,60
237765,56714
237765,57414
237804,60
237804,57804
237840,57804
237840,59394
237840,61280
237840,62274
238032,60
238032,57804
238068,60
238068,11490
238068,56714
238218,56714
238218,57804
238263,56714
238263,57804
238263,62074
238293,1304
238293,11262
238293,30500
238293,39186
238293,57804
238377,60
238377,39186
238377,56714
238377,57414
238377,59396
238536,50962
238536,62276
238536,63188
238572,60
238608,60
238608,53256
238611,60
238689,60
238689,56714
238827,60
238875,60
238875,124
238878,60
238878,50718
238878,62074
238887,60
239115,60
239115,11490
239217,33534
239217,33886
239217,44302
239217,44662
239217,44664
239217,49888
239217,50716
239217,50718
239217,53046
239217,53048
239217,57414
239217,58504
239217,59776
239217,62074
239217,63360
239217,63510
239217,63538
239217,63540
239247,60
239247,11490
239508,60
239508,61280
239556,60
239556,11490
239577,60
239577,61280
239592,33534
239592,44302
239592,44662
239592,44664
239592,49888
239592,50716
239592,53046
239592,53048
239592,58504
239592,59776
239592,62074
239592,63360
239592,63510
239592,63538
239592,63540
240852,60
240912,60
240912,56714
240918,60
240924,60
240939,50962
240939,62276
240990,60
240990,57414
240990,63510
241026,60
241026,63510
241203,60
241203,57414
241218,50962
241218,56714
241218,62276
241263,60
241263,11262
241305,60
241305,11490
241305,32496
241305,57804
241305,61348
241305,63188
241329,60
241329,62074
241350,50962
241350,62276
241389,60
241389,30500
241824,60
241824,11490
242130,50274
242130,50962
242130,57804
242130,62276
242151,11262
242151,30500
242151,33886
242151,57804
242232,60
242232,50718
242232,57414
242232,63186
242388,11262
242388,30500
242388,33886
242388,57804
242388,63186
242409,60
242409,11490
242409,62074
242412,60
242412,11262
242415,60
242430,60
242430,11490
242430,35846
242430,63360
242439,60
242442,11262
242442,50718
242442,53048
242442,57414
242442,63418
242505,60
242556,60
242556,11490
242571,60
242610,50962
242610,59396
242610,62276
242619,57804
242856,60
242856,50274
242856,57804
242856,63418
243081,33534
243081,44302
243081,44662
243081,44664
243081,49888
243081,50716
243081,53046
243081,53048
243081,58504
243081,59776
243081,62074
243081,63360
243081,63510
243081,63538
243081,63540
243390,60
243408,60
243477,60
243546,57804
243789,1304
243789,35732
243789,50718
243789,57804
243927,60
243927,63218
243954,60
243954,62074
243981,60
244005,60
244005,57804
244041,60
244041,57414
244041,63188
244065,60
244092,60
244158,60
244158,56714
244158,57414
244173,60
244278,60
244278,63188
244287,10652
244287,11262
244287,32496
244287,35732
244287,59396
244287,62944
244380,30500
244380,57414
244380,57804
244380,62074
244380,63510
244404,60
244404,1304
244404,1370
244404,56714
244404,57804
244404,63360
244446,60
244446,11262
244479,60
244479,57414
244575,60
244575,11490
244644,60
244644,11262
244644,11490
244680,60
244680,11490
244680,35846
244680,57414
244731,30500
244731,39186
244731,50274
244731,54096
244731,54864
244731,56714
244866,60
244866,56714
244869,60
244869,62944
244869,63510
244878,60
244878,11262
244878,56714
244971,50962
244971,56714
244971,62276
245046,60
245154,60
245631,60
245706,57804
245826,60
245868,50962
245868,56714
245868,62276
245976,60
245976,124
246033,50962
246033,54096
246033,62276
246042,60
246042,11490
246042,32496
246042,50962
246042,62276
246042,62378
246042,62400
246042,62614
246042,62616
246054,60
246054,11262
246099,60
246099,57804
246099,63510
246150,60
246216,60
246339,60
246339,57414
246618,60
246618,35732
246627,60
246627,124
246627,1370
246627,11262
246627,54096
246627,56714
246627,62074
246627,62378
246627,63188
246711,60
246711,11490
246711,32496
246711,56714
246711,57414
246711,57804
246711,61348
246711,62074
246711,62378
246711,62944
246711,63188
246711,63510
246720,60
246804,60
246858,1206
246858,1304
246858,53046
246858,53048
246858,53256
246858,53258
246858,56714
246858,57414
246858,59822
246858,61542
246858,62376
246858,62860
246858,62944
246858,63136
246858,63188
246858,63540
246870,60
246915,60
246963,59396
246987,57804
247002,57804
247002,59396
247029,60
247134,60
247239,60
247260,50962
247260,62274
247260,62276
247374,60
247374,56714
247374,57414
247374,63188
247548,60
247632,60
247632,11262
247632,11490
247632,63510
247878,60
247956,60
247962,60
247962,56714
247962,57804
247974,60
247983,11262
247983,30500
247983,39186
247983,57414
247983,57804
247986,60
247986,1304
247986,11262
247986,35732
247986,56714
247986,57414
247986,57804
247986,63218
247989,60
247989,11490
247989,30500
247989,39186
247989,57414
248013,60
248013,11490
248013,32496
248013,57804
248013,61348
248013,62074
248013,62944
248013,63510
248061,60
248061,11490
248061,57414
248061,63510
248064,60
248064,56714
248178,60
248178,63188
248202,60
248202,1304
248202,11262
248202,57804
248205,60
248250,60
248292,60
248301,30500
248301,56714
248301,57804
248373,57804
248373,62274
248550,60
248550,11490
248550,56714
248550,57414
248598,60
248598,11490
248598,32496
248598,57804
248598,61348
248682,60
248682,11262
248706,60
248706,63510
248724,60
248724,11490
248796,60
248796,11262
248796,33534
248796,44302
248796,49888
248796,50720
248796,53046
248796,53048
248796,53160
248796,53256
248796,53258
248796,53406
248796,57414
248796,57804
248796,58504
248796,59776
248796,63360
248796,63418
248796,63510
248796,63538
248796,63540
248871,60
249063,60
249063,55632
249063,56714
249063,63188
249081,60
249081,62944
249159,60
249159,11262
249159,56714
249207,60
249216,60
249222,60
249294,11262
249294,57804
249297,60
249297,124
249297,11490
249297,56696
249342,11262
249342,30500
249342,33534
249342,33886
249342,44302
249342,44662
249342,44664
249342,53046
249342,53048
249342,56714
249342,58504
249342,59776
249342,63136
249342,63360
249342,63538
249342,63540
249411,57804
249486,11262
249486,56714
249513,56714
249513,57804
249567,60
249567,56714
249573,50962
249573,57804
249573,62276
249579,60
249579,11490
249579,32496
249579,57804
249579,61348
249633,60
249687,60
249687,11262
249795,60
249795,11490
249843,60
249855,60
249855,56714
249855,59396
249930,60
249930,56714
249981,11262
249981,50962
249981,62276
250020,60
250221,11262
250221,16358
250221,33534
250221,35732
250221,36720
250221,57414
250221,57804
250275,60
250275,63188
250284,50962
250284,61280
250284,62276
250284,63186
250344,60
250362,60
250434,34092
250434,35846
250434,49888
250434,50274
250434,54096
250434,61280
250434,62944
250629,60
250653,11262
250653,30500
250653,33886
250653,39186
250653,56714
250653,57804
250668,60
250668,56696
250749,60
250749,57804
250782,60
250947,11262
250947,30500
250947,56714
250947,57804
250974,60
250974,32496
250974,56714
250974,57414
250977,60
250977,30500
250977,63510
251085,60
251085,11262
251085,56696
251085,57414
251085,62944
251106,60
251106,11262
251106,11490
251106,30500
251106,32496
251106,56714
251106,57804
251106,61348
251106,63188
251106,63510
251121,60
251121,11490
251121,32496
251121,57804
251121,61348
251142,60
251142,11490
251142,32496
251142,57804
251142,61348
251142,62376
251169,60
251169,11490
251169,32496
251169,57804
251169,61348
251202,60
251202,59394
251202,59396
251235,60
251235,56714
251235,63510
251253,60
251253,11490
251253,32496
251253,57804
251253,61348
251382,60
251382,11262
251391,11490
251391,50962
251391,62276
251442,11262
251442,11490
251442,32496
251442,39186
251442,54096
251442,57414
251442,57804
251442,58504
251442,61348
251442,62944
251442,63510
251493,60
251610,60
251610,63538
251619,11262
251619,11490
251619,30500
251619,32496
251619,36720
251619,39186
251619,50274
251619,54096
251619,54290
251619,56714
251619,57414
251619,57804
251619,58504
251619,59394
251619,59396
251619,61348
251619,61540
251619,62074
251619,62944
251619,63188
251619,63510
251625,30500
251625,50274
251625,54864
251625,57414
251625,57804
251625,63510
251631,60
251631,50274
251631,50716
251631,59396
251631,63510
251643,60
251643,11262
251643,11490
251643,16358
251643,32496
251643,35846
251643,39186
251643,57414
251643,57804
251643,61348
251643,63188
251643,63510
251721,60
251721,56714
251721,63510
251766,60
251766,11490
251766,32496
251766,57804
251766,61348
251817,50962
251817,62276
251829,30500
251829,57804
251829,63186
251829,63510
251967,56714
251967,57804
252057,50274
252057,50962
252057,62276
252066,60
252066,11490
252066,32496
252066,56714
252066,57804
252066,61348
252066,62274
252081,11262
252081,33534
252081,57804
252177,60
252177,56696
252177,57414
252210,60
252210,124
252210,56696
252210,56714
252210,63510
252375,60
252375,56714
252375,57414
252396,60
252396,11262
252396,11490
252396,32496
252396,57804
252396,61348
252396,62274
252396,62944
252405,60
252480,60
252480,11490
252480,32496
252480,57414
252480,57804
252480,61348
252480,62074
252618,60
252618,57414
252618,63418
252696,60
252696,11490
252696,32496
252696,57804
252696,61348
252774,60
252774,50274
252774,57414
253053,60
253053,63188
253098,60
253098,11262
253146,60
253146,56696
253308,60
253308,62074
253335,60
253557,57804
253557,63360
253557,63418
457455,50274
457455,50962
457455,57804
457455,59394
457455,59396
457455,61280
457455,62276
2061063,60
2061063,124
